{"cameraMode":{"drawMode":0,"name":"Shaded","section":"Shading Mode"},"sceneLighting":true,"audioPlay":false,"sceneViewState":{"showFog":true,"showMaterialUpdate":true,"showSkybox":true,"showFlares":true,"showImageEffects":true,"showParticleSystems":true},"in2DMode":false,"pivot":{"x":-14.30521297454834,"y":-22.417922973632814,"z":-2.2076187133789064},"rotation":{"x":0.38918158411979678,"y":-0.5413243174552918,"z":0.3109666109085083,"w":0.6775497198104858},"size":20.840120315551759,"orthographic":false}